Date,total_volume_usd,avg_trade_size,num_trades,total_pnl,avg_pnl,buy_count,sell_count,buy_ratio,fear_greed_value,sentiment_class,rolling_corr,fg_regime,is_profitable,volume_volatility,fg_change,fg_rising
2023-05-01,477.0,159.0,3,0.0,0.0,3,0,1.0,63,Greed,,Greed,False,,,False
2023-12-05,50005.83,5556.203333333334,9,0.0,0.0,7,2,0.7777777777777778,75,Extreme Greed,,Greed,False,,12.0,True
2023-12-14,113203.35,10291.213636363636,11,-205.43473700000007,-18.675885181818188,5,6,0.45454545454545453,72,Greed,,Greed,False,,-3.0,False
2023-12-15,10609.95,5304.975,2,-24.632033999999997,-12.316016999999999,2,0,1.0,70,Greed,,Greed,False,,-2.0,False
2023-12-16,15348.77,5116.256666666667,3,0.0,0.0,3,0,1.0,67,Greed,,Greed,False,,-3.0,False
2023-12-17,116278.02,8305.572857142857,14,304.982785,21.78448464285714,3,11,0.21428571428571427,73,Greed,,Greed,True,,6.0,True
2023-12-18,31164.179999999997,15582.089999999998,2,0.0,0.0,2,0,1.0,65,Greed,,Greed,False,48171.94622268857,-8.0,False
2023-12-19,91602.41,6106.827333333334,15,1000.5386120000001,66.70257413333334,5,10,0.3333333333333333,73,Greed,,Greed,True,45371.40543510853,8.0,True
2023-12-20,141636.79,7868.710555555556,18,162.732282,9.040682333333333,10,8,0.5555555555555556,74,Greed,,Greed,True,54008.64288418929,1.0,True
2023-12-21,125233.97,2555.795306122449,49,537.211402,10.963498000000001,22,27,0.4489795918367347,70,Greed,,Greed,True,55621.64585575797,-4.0,False
2023-12-22,88874.28,8887.428,10,141.832675,14.1832675,8,2,0.8,74,Greed,,Greed,True,47574.967603117875,4.0,True
2023-12-23,78438.25,6033.711538461538,13,146.936704,11.302823384615383,5,8,0.38461538461538464,70,Greed,,Greed,True,36355.96605979404,-4.0,False
2023-12-24,402954.94,10332.177948717948,39,1008.619956,25.862050153846155,21,18,0.5384615384615384,71,Greed,,Greed,True,122406.13948266431,1.0,True
2023-12-25,59948.51,19982.836666666666,3,-245.081348,-81.69378266666666,2,1,0.6666666666666666,73,Greed,,Greed,False,118679.8813106904,2.0,True
2023-12-27,171411.06,6121.823571428571,28,-704.8892269999999,-25.174615249999995,15,13,0.5357142857142857,73,Greed,,Greed,False,116937.13554351214,0.0,False
2023-12-28,100117.25,4352.923913043478,23,-970.730876,-42.20569026086957,10,13,0.43478260869565216,73,Greed,,Greed,False,118629.16613766394,0.0,False
2023-12-29,569559.72,11391.1944,50,508.92214299999995,10.178442859999999,31,19,0.62,65,Greed,,Greed,True,197725.9327934637,-8.0,False
2023-12-30,702550.21,13510.58096153846,52,354.998648,6.826897076923077,20,32,0.38461538461538464,68,Greed,,Greed,True,260921.17620526612,3.0,True
2024-01-01,264239.52999999997,14679.973888888888,18,-129.53146,-7.196192222222223,10,8,0.5555555555555556,65,Greed,,Greed,False,243766.96132620506,-3.0,False
2024-01-02,121348.74,7138.1611764705885,17,783.979116,46.11641858823529,9,8,0.5294117647058824,71,Greed,,Greed,True,251748.0713669852,6.0,True
2024-01-03,394499.36,5888.050149253731,67,866.015507,12.925604582089552,32,35,0.47761194029850745,70,Greed,,Greed,True,233156.6319003545,-1.0,False
2024-01-04,99792.54000000001,19958.508,5,-67.60364,-13.520728,2,3,0.4,68,Greed,,Greed,False,242749.95119373067,-2.0,False
2024-01-05,1703942.66,25817.31303030303,66,164.141565,2.486993409090909,31,35,0.4696969696969697,72,Greed,,Greed,True,554902.5347670238,4.0,True
2024-01-06,298521.4,13569.154545454547,22,135.58166400000002,6.16280290909091,11,11,0.5,70,Greed,,Greed,True,562779.5207038842,-2.0,False
2024-01-07,1048850.06,10812.887216494846,97,-835.681235,-8.615270463917525,52,45,0.5360824742268041,71,Greed,,Greed,False,596518.0772127323,1.0,True
2024-01-08,1522452.43,11894.159609375,128,-269.874439,-2.1083940546875,40,88,0.3125,71,Greed,,Greed,False,676222.5957732137,0.0,False
2024-01-09,870051.97,12429.313857142857,70,-826.349863,-11.804998042857143,28,42,0.4,76,Extreme Greed,,Extreme Greed,False,618567.4690759523,5.0,True
2024-01-10,2057479.48,10660.515440414507,193,-1517.091342,-7.860576901554404,92,101,0.47668393782383417,73,Greed,,Greed,False,725357.0943476398,-3.0,False
2024-01-11,305314.1,14538.766666666666,21,-164.08950099999998,-7.813785761904761,13,8,0.6190476190476191,76,Extreme Greed,,Extreme Greed,False,681633.0942810405,3.0,True
2024-01-12,200082.27,28583.181428571428,7,-1925.519024,-275.0741462857143,5,2,0.7142857142857143,71,Greed,-0.20870325303718468,Greed,False,701851.1917399645,-5.0,False
2024-01-15,50636.1,3616.8642857142854,14,152.85358,10.918112857142857,5,9,0.35714285714285715,52,Neutral,-0.1897140959975436,Neutral,True,742364.446470169,-19.0,False
2024-01-16,116427.33,12936.37,9,-2299.171458,-255.4634953333333,4,5,0.4444444444444444,64,Greed,-0.0352042471924334,Greed,False,786230.7444825288,12.0,True
2024-01-17,800831.03,15110.019433962265,53,813.2741110000001,15.344794547169812,31,22,0.5849056603773585,60,Greed,-0.10867366823574132,Greed,True,708773.9915068367,-4.0,False
2024-01-18,424631.52999999997,9231.120217391304,46,68.93319,1.4985476086956522,18,28,0.391304347826087,63,Greed,-0.11473329701827298,Greed,True,703468.0679148914,3.0,True
2024-01-19,428428.97,8925.603541666665,48,-385.419235,-8.029567395833334,31,17,0.6458333333333334,51,Neutral,-0.05827561145512637,Neutral,False,252135.06185367567,-12.0,False
2024-01-20,1070090.51,10095.193490566038,106,-146.57487000000003,-1.3827817924528305,60,46,0.5660377358490566,52,Neutral,-0.061132542093379004,Neutral,False,374483.9802218704,1.0,True
2024-01-21,103129.74,9375.43090909091,11,266.58114600000005,24.234649636363642,3,8,0.2727272727272727,56,Greed,-0.08350279468980046,Greed,True,386504.84740833717,4.0,True
2024-01-22,337878.99,3975.0469411764707,85,1375.640959,16.18401128235294,51,34,0.6,55,Greed,-0.21595496233235756,Neutral,True,353646.97553924646,-1.0,False
2024-01-23,414518.93000000005,9211.531777777778,45,-369.2447299999998,-8.20543844444444,33,12,0.7333333333333333,50,Neutral,-0.18891117844383182,Neutral,False,320546.0034829634,-5.0,False
2024-01-24,965084.59,14192.42044117647,68,-2808.353815,-41.29932080882353,27,41,0.39705882352941174,48,Neutral,0.03688951273318562,Neutral,False,349932.6782476579,-2.0,False
2024-01-25,66566.13,11094.355000000001,6,-3093.6293849999997,-515.6048975,0,6,0.0,52,Neutral,0.15405407703482998,Neutral,False,392327.2465533871,4.0,True
2024-01-26,11773.21,2354.642,5,90.2,18.04,4,1,0.8,49,Neutral,0.11517473474528765,Neutral,True,431732.8777013487,-3.0,False
2024-01-28,18109.03,1646.2754545454545,11,-2478.06972,-225.27906545454545,0,11,0.0,54,Neutral,0.14666584480001932,Neutral,False,343485.1800835108,5.0,True
2024-01-29,414208.18,5597.407837837838,74,486.562542,6.5751694864864865,21,53,0.28378378378378377,55,Greed,0.11370984429684179,Neutral,True,337790.20528937114,1.0,True
2024-01-30,401011.38,8183.905714285715,49,-173.65419100000003,-3.5439630816326537,28,21,0.5714285714285714,61,Greed,0.12395376580468341,Greed,False,339239.6110389999,6.0,True
2024-01-31,6305647.13,7340.683504074505,859,-799.840817,-0.93113017112922,470,389,0.5471478463329453,60,Greed,0.15050234553245365,Greed,False,2290026.444502223,-1.0,False
2024-02-01,2008.18,334.69666666666666,6,0.0,0.0,6,0,1.0,63,Greed,0.14443318363465468,Greed,False,2332843.3154733996,3.0,True
2024-02-02,474278.43,11292.343571428572,42,456.423473,10.867225547619048,19,23,0.4523809523809524,63,Greed,0.13192470936446252,Greed,True,2309716.2937651454,0.0,False
2024-02-03,603820.0,10782.5,56,223.30918699999998,3.9876640535714283,18,38,0.32142857142857145,60,Greed,0.12410490385168825,Greed,True,2274238.3847666103,-3.0,False
2024-02-04,203187.53,5805.358,35,47.62389499999999,1.360682714285714,19,16,0.5428571428571428,60,Greed,0.08546860292824786,Greed,True,2259587.1168876607,0.0,False
2024-02-05,770198.26,10697.198055555556,72,-33.45419400000003,-0.4646415833333337,33,39,0.4583333333333333,60,Greed,0.04429148732394102,Greed,False,2242882.7078201664,0.0,False
2024-02-06,8047153.41,7396.280707720588,1088,-215.615907,-0.19817638511029412,518,570,0.47610294117647056,64,Greed,0.0371344178776124,Greed,False,3348869.1424505073,4.0,True
2024-02-07,6758.73,450.582,15,241.24212,16.082808,7,8,0.4666666666666667,62,Greed,0.013961264186255271,Greed,True,2926503.1610193453,-2.0,False
2024-02-08,26051.12,2605.112,10,770.756024,77.07560240000001,2,8,0.2,66,Greed,0.017924864022913253,Greed,True,2924542.2615091973,4.0,True
2024-02-11,212311.82,6244.465294117647,34,983.443176,28.924799294117648,23,11,0.6764705882352942,71,Greed,0.08930643891036427,Greed,True,2940700.9279769203,5.0,True
2024-02-12,227247.69999999998,14202.981249999999,16,913.8817869999998,57.11761168749999,11,5,0.6875,70,Greed,0.12915891226607662,Greed,True,2961277.72376813,-1.0,False
2024-02-13,1999.99,142.85642857142858,14,559.44389,39.960277857142856,0,14,0.0,79,Extreme Greed,0.2114977185478221,Extreme Greed,True,2975276.005677407,9.0,True
2024-02-14,320839.88,2890.4493693693694,111,3830.599833,34.509908405405405,34,77,0.3063063063063063,74,Greed,0.3934907724364051,Greed,True,2994089.6524326396,-5.0,False
2024-02-15,185188.04,2939.4926984126987,63,1840.797677,29.219010746031746,52,11,0.8253968253968254,72,Greed,0.4616626343081333,Greed,True,127389.00078211063,-2.0,False
2024-02-16,564896.51,3103.826978021978,182,5491.768834,30.174554032967034,115,67,0.6318681318681318,72,Greed,0.5908202654323949,Greed,True,189554.59181523425,0.0,False
2024-02-17,406118.07,4320.405,94,1929.6418,20.52810425531915,50,44,0.5319148936170213,76,Extreme Greed,0.6195133379734048,Extreme Greed,True,178947.22933565686,4.0,True
2024-02-18,157048.17,1619.0532989690723,97,477.6248299999999,4.923967319587628,38,59,0.3917525773195876,72,Greed,0.6496155762246758,Greed,True,183293.10496079826,-4.0,False
2024-02-19,286377.2,2835.417821782178,101,4317.768563,42.750183792079206,41,60,0.40594059405940597,75,Extreme Greed,0.684556645783112,Greed,True,182560.3014196046,3.0,True
2024-02-20,119419.72,3062.0441025641026,39,3263.628824,83.68279035897436,13,26,0.3333333333333333,72,Greed,0.7008655680163266,Greed,True,156929.45437639215,-3.0,False
2024-02-21,108047.51999999999,4911.250909090909,22,1858.7985700000002,84.49084409090909,7,15,0.3181818181818182,78,Extreme Greed,0.7007777799609273,Extreme Greed,True,170317.9463422423,6.0,True
2024-02-22,373033.87,4239.02125,88,3894.1050699999996,44.25119397727272,35,53,0.3977272727272727,74,Greed,0.7182132533522394,Greed,True,171176.01841753788,-4.0,False
2024-02-23,111106.14,776.966013986014,143,1418.55293,9.91995055944056,131,12,0.916083916083916,76,Extreme Greed,0.7139969545694423,Extreme Greed,True,129661.02138055918,2.0,True
2024-02-25,4480.13,896.0260000000001,5,-30.7705,-6.1541,2,3,0.4,74,Greed,0.7132830636036263,Greed,False,123870.33663451763,-2.0,False
2024-02-26,192187.14,4927.875384615385,39,4416.8473,113.25249487179488,27,12,0.6923076923076923,72,Greed,0.7161676058184974,Greed,True,124175.52874044157,-2.0,False
2024-02-27,209362.3,3323.2111111111108,63,888.511733,14.103360841269842,33,30,0.5238095238095238,79,Extreme Greed,0.645794420929776,Extreme Greed,True,115309.82859278165,7.0,True
2024-02-28,171107.13,3802.380666666667,45,2503.747235,55.63882744444444,31,14,0.6888888888888889,82,Extreme Greed,0.5988561930077125,Extreme Greed,True,113950.27584980823,3.0,True
2024-02-29,395666.73,3410.9200862068965,116,9813.996992,84.60342234482759,60,56,0.5172413793103449,80,Extreme Greed,0.6139321622361676,Extreme Greed,True,138369.430927951,-2.0,False
2024-03-01,472974.7,3452.370072992701,137,8244.241409,60.176944591240876,37,100,0.27007299270072993,80,Extreme Greed,0.5979542659039019,Extreme Greed,True,161450.8124520285,0.0,False
2024-03-02,63197.56,2038.6309677419354,31,230.90060000000005,7.448406451612905,28,3,0.9032258064516129,80,Extreme Greed,0.5536036376912713,Extreme Greed,True,167844.44479309363,0.0,False
2024-03-03,390745.68,4946.1478481012655,79,8361.086245,105.83653474683545,36,43,0.45569620253164556,83,Extreme Greed,0.5904564597069648,Extreme Greed,True,149357.10646308307,3.0,True
2024-03-04,1577996.87,5259.989566666667,300,27799.775742,92.66591914,161,139,0.5366666666666666,82,Extreme Greed,0.49458169009528063,Extreme Greed,True,510264.3657771167,-1.0,False
2024-03-05,841810.32,4676.724,180,19791.026041,109.95014467222222,55,125,0.3055555555555556,90,Extreme Greed,0.5879261877771218,Extreme Greed,True,512673.5196062236,8.0,True
2024-03-06,327218.02,3990.4636585365856,82,6814.825139,83.10762364634145,49,33,0.5975609756097561,75,Extreme Greed,0.5843184999750062,Greed,True,496112.0608745179,-15.0,False
2024-03-08,183583.18,2740.047462686567,67,4271.886236,63.7594960597015,19,48,0.2835820895522388,81,Extreme Greed,0.5753006200237366,Extreme Greed,True,515442.7357159237,6.0,True
2024-03-09,658178.75,5625.459401709401,117,9949.501624,85.03847541880343,83,34,0.7094017094017094,84,Extreme Greed,0.5907710929267015,Extreme Greed,True,515518.9443137184,3.0,True
2024-03-10,219973.85,5237.472619047619,42,2482.9272,59.117314285714286,38,4,0.9047619047619048,79,Extreme Greed,0.5827421445628871,Extreme Greed,True,492333.738854415,-5.0,False
2024-03-11,176519.44999999998,4202.844047619047,42,3588.179495,85.43284511904761,12,30,0.2857142857142857,82,Extreme Greed,0.5576552027500341,Extreme Greed,True,513698.54120362597,3.0,True
2024-03-12,103040.85,12880.10625,8,3039.166,379.89575,1,7,0.125,81,Extreme Greed,0.5481323740073204,Extreme Greed,True,280635.1040785508,-1.0,False
2024-03-13,6000.799999999999,857.2571428571428,7,0.0,0.0,7,0,1.0,81,Extreme Greed,0.5155079598398279,Extreme Greed,False,209604.09934711276,0.0,False
2024-03-14,205933.18,11440.732222222221,18,3465.865832,192.5481017777778,2,16,0.1111111111111111,88,Extreme Greed,0.45104916300522924,Extreme Greed,True,206100.83758121842,7.0,True
2024-03-15,351894.41,5675.71629032258,62,6236.513651,100.58892985483871,26,36,0.41935483870967744,83,Extreme Greed,0.43678118534016674,Extreme Greed,True,210654.57899444006,-5.0,False
2024-03-16,37223.66,4652.9575,8,228.57984,28.57248,5,3,0.625,81,Extreme Greed,0.42248014807030215,Extreme Greed,True,118872.03366542755,-2.0,False
2024-03-17,99506.95,4326.389130434783,23,503.293955,21.882345869565217,18,5,0.782608695652174,79,Extreme Greed,0.41748492432343626,Extreme Greed,True,116979.00163470523,-2.0,False
2024-03-18,90458.08,4760.951578947369,19,1456.9577,76.68198421052631,13,6,0.6842105263157895,77,Extreme Greed,0.41331369526955464,Extreme Greed,True,117025.71376823161,-2.0,False
2024-03-19,219884.84,9161.868333333334,24,668.797973,27.86658220833333,17,7,0.7083333333333334,79,Extreme Greed,0.4345068858091867,Extreme Greed,True,121177.8617680494,2.0,True
2024-03-20,215705.85,3126.171739130435,69,6423.134599,93.08890723188406,29,40,0.42028985507246375,74,Greed,0.40699020330682584,Greed,True,106259.28095987413,-5.0,False
2024-03-21,117895.57,4210.556071428572,28,2335.5080749999997,83.41100267857142,26,2,0.9285714285714286,78,Extreme Greed,0.3896449187206608,Extreme Greed,True,107107.83582461311,4.0,True
2024-03-24,92592.20999999999,4873.274210526315,19,1297.018477,68.26413036842105,15,4,0.7894736842105263,74,Greed,0.405944815917911,Greed,True,68164.89639308298,-4.0,False
2024-03-25,57116.32,8159.4742857142855,7,1302.916428,186.13091828571427,0,7,0.0,75,Extreme Greed,0.42327097265952823,Greed,True,64207.40405859043,1.0,True
2024-03-26,198565.19,1682.7558474576272,118,3215.906593,27.253445703389833,8,110,0.06779661016949153,81,Extreme Greed,0.4150709657726669,Extreme Greed,True,67800.84762988814,6.0,True
2024-03-27,99864.79,2628.020789473684,38,150.41114,3.9581878947368416,19,19,0.5,83,Extreme Greed,0.3910773522532143,Extreme Greed,True,66699.18084663867,2.0,True
2024-03-28,35323.72,2717.209230769231,13,227.85100799999998,17.527000615384615,12,1,0.9230769230769231,80,Extreme Greed,0.3768372657403089,Extreme Greed,True,67752.51155626698,-3.0,False
2024-03-29,86914.37,5794.291333333333,15,883.097404,58.873160266666666,9,6,0.6,79,Extreme Greed,0.3572748058378225,Extreme Greed,True,52063.83549807845,-1.0,False
2024-03-30,101103.92,2246.753777777778,45,1100.57514,24.45722533333333,1,44,0.022222222222222223,75,Extreme Greed,0.3980947360639107,Greed,True,51394.356823258546,-4.0,False
2024-03-31,39912.96,3070.2276923076925,13,912.786145,70.21431884615384,0,13,0.0,75,Extreme Greed,0.4078327049148975,Greed,True,55644.946398360466,0.0,False
2024-04-01,339470.47,4408.7074025974025,77,2507.963406,32.57095332467532,32,45,0.4155844155844156,79,Extreme Greed,0.41869196682786,Extreme Greed,True,107429.54781162152,4.0,True
2024-04-02,239664.50999999998,5845.475853658536,41,883.760812,21.555141756097562,10,31,0.24390243902439024,79,Extreme Greed,0.4256969983713346,Extreme Greed,True,112867.41271930901,0.0,False
2024-04-03,16887.57,4221.8925,4,126.7884,31.6971,3,1,0.75,71,Greed,0.4382670228101168,Greed,True,121175.9695170207,-8.0,False
2024-04-04,95987.73,2999.6165625,32,0.0,0.0,0,32,0.0,70,Greed,0.4536209403409207,Greed,False,115937.01556514257,-1.0,False
2024-04-05,503791.8,5037.918,100,10706.484306,107.06484306,17,83,0.17,79,Extreme Greed,0.43133843217816975,Extreme Greed,True,179118.90326771725,9.0,True
2024-04-06,68223.67,4263.979375,16,236.33513399999998,14.770945874999999,0,16,0.0,75,Extreme Greed,0.5131603711303598,Greed,True,182271.8052322507,-4.0,False
2024-04-07,49988.14,2173.397391304348,23,0.0,0.0,0,23,0.0,78,Extreme Greed,0.2751316438916931,Extreme Greed,False,180958.46050212783,3.0,True
2024-04-08,211940.64,7064.688,30,1218.4267,40.614223333333335,1,29,0.03333333333333333,76,Extreme Greed,0.3469385071926535,Extreme Greed,True,169169.47184607614,-2.0,False
2024-04-09,57063.840000000004,19021.280000000002,3,0.0,0.0,0,3,0.0,80,Extreme Greed,0.3210456406051504,Extreme Greed,False,170618.76354462103,4.0,True
2024-04-10,351735.97,8578.926097560974,41,5207.443414,127.01081497560976,40,1,0.975609756097561,78,Extreme Greed,0.20849870751573957,Extreme Greed,True,176085.88928671024,-2.0,False
2024-04-11,76400.96,4775.06,16,389.743164,24.35894775,14,2,0.875,76,Extreme Greed,0.2179614001473764,Extreme Greed,True,177997.16125758263,-2.0,False
2024-04-12,442088.59,3427.0433333333335,129,-592.6458390000001,-4.594153790697676,43,86,0.3333333333333333,79,Extreme Greed,0.18707437700353327,Extreme Greed,False,160440.03770458113,3.0,True
2024-04-13,486411.25,5465.294943820225,89,6621.451755,74.3983343258427,46,43,0.5168539325842697,72,Greed,0.06103803319059956,Greed,True,187600.02646813923,-7.0,False
2024-04-14,659162.17,6160.394112149533,107,-36104.012520000004,-337.4206777570094,46,61,0.42990654205607476,72,Greed,0.27915977999610403,Greed,False,223047.99756857703,0.0,False
2024-04-15,291111.19,7100.272926829269,41,3774.08872,92.05094439024391,18,23,0.43902439024390244,74,Greed,0.2658996238192889,Greed,True,218232.0278334269,2.0,True
2024-04-16,181907.17,3870.3653191489366,47,2467.702221,52.504302574468085,31,16,0.6595744680851063,65,Greed,0.167678776569666,Greed,True,195378.63664028412,-9.0,False
2024-04-17,97562.99,6968.785000000001,14,2441.4683999999997,174.39059999999998,13,1,0.9285714285714286,67,Greed,0.1401722486912166,Greed,True,218459.8043217125,2.0,True
2024-04-19,337257.92000000004,9635.940571428573,35,1946.4454620000001,55.61272748571429,5,30,0.14285714285714285,66,Greed,0.1174279845636879,Greed,True,190605.92606856112,-1.0,False
2024-04-20,60733.24,2760.601818181818,22,0.0,0.0,20,2,0.9090909090909091,66,Greed,0.11487189814363966,Greed,False,215004.04539815919,0.0,False
2024-04-22,47993.61,5332.623333333333,9,0.0,0.0,0,9,0.0,73,Greed,0.11719333073791392,Greed,False,216191.226493012,7.0,True
2024-04-23,233054.9,3531.1348484848486,66,1119.536196,16.962669636363636,37,29,0.5606060606060606,71,Greed,0.12033950521902807,Greed,True,114254.77983040953,-2.0,False
2024-04-24,141275.24,7063.762,20,279.185907,13.95929535,13,7,0.65,72,Greed,0.11513730824587273,Greed,True,103140.07706579822,1.0,True
2024-04-25,120241.01,1624.8785135135136,74,0.0,0.0,74,0,1.0,72,Greed,0.11617434043796077,Greed,False,103302.70748468909,0.0,False
2024-04-26,4988.290000000001,1662.7633333333335,3,0.0,0.0,0,3,0.0,70,Greed,0.11555874626492278,Greed,False,116023.63409326968,-2.0,False
2024-04-27,154264.47,5713.498888888889,27,4281.488139,158.57363477777778,0,27,0.0,67,Greed,0.06861565782740814,Greed,True,76894.30907549427,-3.0,False
2024-04-28,43985.6,758.3724137931034,58,0.0,0.0,0,58,0.0,65,Greed,0.07410042398687325,Greed,False,78879.00227629849,-2.0,False
2024-04-29,108699.01,2415.5335555555553,45,526.9338359999999,11.709640799999999,24,21,0.5333333333333333,67,Greed,0.07447374821654575,Greed,True,74589.44649475768,2.0,True
2024-04-30,125018.75,5209.114583333333,24,0.0,0.0,24,0,1.0,67,Greed,0.07351840031942414,Greed,False,54656.64326689657,0.0,False
2024-05-01,87025.45,6216.103571428571,14,0.0,0.0,14,0,1.0,54,Neutral,0.0632409279718947,Neutral,False,51550.417087748596,-13.0,False
2024-05-03,282682.64999999997,7852.295833333333,36,5306.017045,147.3893623611111,3,33,0.08333333333333333,48,Neutral,-0.025265262999623533,Neutral,True,89188.04915548115,-6.0,False
2024-05-04,58998.75,6555.416666666667,9,0.0,0.0,0,9,0.0,67,Greed,-0.03624204457821252,Greed,False,79914.74415437953,19.0,True
2024-05-05,24068.350000000002,4011.391666666667,6,0.916,0.15266666666666667,1,5,0.16666666666666666,69,Greed,-0.039991590513698834,Greed,True,86308.09645044012,2.0,True
2024-05-06,206016.43,22890.714444444442,9,968.59038,107.62115333333333,8,1,0.8888888888888888,71,Greed,-0.03953196327379909,Greed,True,89101.84727406494,2.0,True
2024-05-07,108717.58,6039.865555555556,18,883.537693,49.08542738888889,6,12,0.3333333333333333,68,Greed,-0.04025098266590854,Greed,True,89101.19443914773,-3.0,False
2024-05-08,65973.57,5074.89,13,1.56576,0.12044307692307693,12,1,0.9230769230769231,64,Greed,-0.10977461994826801,Greed,True,92119.40273807004,-4.0,False
2024-05-09,221966.12,7927.361428571428,28,1147.595856,40.985566285714285,9,19,0.32142857142857145,55,Greed,-0.11462867662504259,Neutral,True,98213.76292388212,-9.0,False
2024-05-10,156882.0,7131.0,22,2101.741695,95.53371340909092,16,6,0.7272727272727273,66,Greed,-0.12069050884366093,Greed,True,76512.9587815003,11.0,True
2024-05-11,63248.95,7027.661111111111,9,251.604742,27.956082444444444,0,9,0.0,53,Neutral,-0.12117449283049372,Neutral,True,75959.59536170746,-13.0,False
2024-05-12,55179.56,2399.111304347826,23,0.0,0.0,17,6,0.7391304347826086,56,Greed,-0.12068164805959762,Greed,False,70022.14259751726,3.0,True
2024-05-13,193118.9,6897.103571428571,28,2136.853859,76.31620925,5,23,0.17857142857142858,57,Greed,-0.17566574932823223,Greed,True,67678.60126617587,1.0,True
2024-05-14,145853.4,6341.452173913043,23,1150.5233050000002,50.02275239130436,23,0,1.0,66,Greed,-0.18406091681694373,Greed,True,67774.47685649934,9.0,True
2024-05-15,234922.57,6525.626944444444,36,948.970582,26.360293944444447,11,25,0.3055555555555556,64,Greed,-0.19095679691711268,Greed,True,71609.343422232,-2.0,False
2024-05-16,162620.96,6022.998518518518,27,214.5898,7.94777037037037,14,13,0.5185185185185185,70,Greed,-0.22777509488834913,Greed,True,65324.07968917394,6.0,True
2024-05-18,126303.14,5052.1256,25,3522.3946610000003,140.89578644000002,7,18,0.28,73,Greed,-0.1343783637179676,Greed,True,65384.11419203536,3.0,True
2024-05-19,29998.09,3749.76125,8,0.0,0.0,8,0,1.0,72,Greed,-0.25606083477512315,Greed,False,72702.70118322778,-1.0,False
2024-05-20,38124.75,3812.475,10,-74.818442,-7.4818442,7,3,0.7,70,Greed,-0.27218742062710943,Greed,False,76048.95084948564,-2.0,False
2024-05-21,1100948.59,8807.588720000002,125,7289.397571999999,58.31518057599999,29,96,0.232,76,Extreme Greed,-0.028178196293594727,Extreme Greed,True,376450.4281935088,6.0,True
2024-05-22,44995.29,7499.215,6,0.0,0.0,0,6,0.0,76,Extreme Greed,-0.05680729419779349,Extreme Greed,False,383530.71697132196,0.0,False
2024-05-23,401850.6,1236.4633846153845,325,413.347329,1.2718379353846154,189,136,0.5815384615384616,76,Extreme Greed,-0.07302940214031993,Extreme Greed,True,387728.83282345685,0.0,False
2024-05-24,50811.899999999994,25405.949999999997,2,821.949278,410.974639,0,2,0.0,74,Greed,-0.059864220382987096,Greed,True,395222.1469028029,-2.0,False
2024-05-25,29991.129999999997,1874.4456249999998,16,14.126038999999999,0.8828774374999999,7,9,0.4375,76,Extreme Greed,-0.08438738164819896,Extreme Greed,True,402112.18814026914,2.0,True
2024-05-26,53976.67,3373.541875,16,778.6839,48.66774375,2,14,0.125,75,Extreme Greed,-0.07927151830873956,Greed,True,400098.4166024054,-1.0,False
2024-05-27,151115.72,602.0546613545816,251,1129.35587,4.499425776892431,93,158,0.3705179282868526,74,Greed,-0.06434705315872619,Greed,True,392530.5754808155,-1.0,False
2024-05-29,84268.76,513.8339024390243,164,277.791953,1.6938533719512194,67,97,0.40853658536585363,72,Greed,-0.06637520242824811,Greed,True,131961.19472620654,-2.0,False
2024-05-30,2838.09,405.4414285714286,7,20.951433,2.9930618571428576,5,2,0.7142857142857143,73,Greed,-0.08549917384791791,Greed,True,136658.30042330842,1.0,True
2024-05-31,3636.14,279.70307692307694,13,25.35812,1.9506246153846154,4,9,0.3076923076923077,73,Greed,-0.10533074928509345,Greed,True,51781.66639815782,0.0,False
2024-06-01,12834.62,513.3848,25,91.510419,3.66041676,9,16,0.36,72,Greed,-0.11545388569349632,Greed,True,54085.82242839263,-1.0,False
2024-06-02,29464.51,316.822688172043,93,192.906947,2.074268247311828,34,59,0.3655913978494624,73,Greed,-0.12739530352037787,Greed,True,54116.021811544,1.0,True
2024-06-03,21466.86,306.66942857142857,70,562.808208,8.040117257142859,44,26,0.6285714285714286,73,Greed,-0.17864906321575574,Greed,True,54936.92186376764,0.0,False
2024-06-04,24243.41,457.42283018867926,53,52.211438,0.9851214716981133,25,28,0.4716981132075472,73,Greed,0.07957733960934214,Greed,True,27806.842735670103,0.0,False
2024-06-05,25350.77,469.4587037037037,54,56.055506,1.038064925925926,17,37,0.3148148148148148,75,Extreme Greed,0.05630692518939673,Greed,True,10754.243928442584,2.0,True
2024-06-06,137557.76,587.8536752136753,234,274.173187,1.1716802863247862,102,132,0.4358974358974359,78,Extreme Greed,0.03680948035504437,Extreme Greed,True,45465.46176396034,3.0,True
2024-06-07,1098588.76,2496.7926363636366,440,8902.467416,20.23288049090909,181,259,0.4113636363636364,77,Extreme Greed,0.16056235805547409,Extreme Greed,True,401741.3378848597,-1.0,False
2024-06-08,97351.88,3356.961379310345,29,129.13883900000002,4.453063413793104,21,8,0.7241379310344828,72,Greed,0.1545271163008132,Greed,True,396669.7244504731,-5.0,False
2024-06-09,22410.22,1318.2482352941176,17,0.0,0.0,17,0,1.0,75,Extreme Greed,0.12692967691281132,Greed,False,397198.2009533792,3.0,True
2024-06-10,46587.93,879.0175471698113,53,31.266804999999998,0.589939716981132,22,31,0.41509433962264153,72,Greed,0.13984631277668774,Greed,True,395385.02758817264,-3.0,False
2024-06-11,373279.92,3034.7960975609753,123,4320.631811,35.12708789430894,114,9,0.926829268292683,74,Greed,0.17311513005247448,Greed,True,390408.5371037678,2.0,True
2024-06-12,193407.96,761.4486614173228,254,-21886.531493,-86.16744682283463,115,139,0.452755905511811,72,Greed,0.07128552314696893,Greed,False,378760.84120599757,-2.0,False
2024-06-13,132577.22,1678.1926582278481,79,6632.757115,83.95895082278481,76,3,0.9620253164556962,70,Greed,0.04868080924334211,Greed,True,379080.43543539784,-2.0,False
2024-06-14,139868.66,4511.892258064517,31,10258.592609,330.9223422258064,31,0,1.0,74,Greed,0.14098536552432012,Greed,True,116623.54301205718,4.0,True
2024-06-15,718350.25,9209.61858974359,78,3369.958346,43.20459417948718,9,69,0.11538461538461539,74,Greed,0.16623761989746835,Greed,True,243126.72670754098,0.0,False
2024-06-16,25235.079999999998,2294.0981818181817,11,0.0,0.0,0,11,0.0,71,Greed,0.22222224478848057,Greed,False,242722.18150407457,-3.0,False
2024-06-17,368380.12,9694.213684210526,38,10599.502375,278.9342730263158,32,6,0.8421052631578947,71,Greed,0.13137065391563477,Greed,True,231813.65627206845,0.0,False
2024-06-18,263314.79,10532.5916,25,282.57636,11.3030544,21,4,0.84,74,Greed,0.13445958048129178,Greed,True,228033.460277913,3.0,True
2024-06-19,417071.12,6837.231475409836,61,4887.656944,80.12552367213115,3,58,0.04918032786885246,64,Greed,0.015681231785607354,Greed,True,232284.08804727413,-10.0,False
2024-06-20,207990.8,5333.097435897435,39,57478.456026,1473.8065647692308,0,39,0.0,60,Greed,-0.6050630912155408,Greed,True,225135.7876575922,-4.0,False
2024-06-21,176264.49,2203.306125,80,773.5582039999999,9.66947755,68,12,0.85,63,Greed,-0.5392615196186208,Greed,True,221049.68764051932,3.0,True
2024-06-22,169594.27000000002,7066.427916666667,24,756.876565,31.536523541666668,4,20,0.16666666666666666,53,Neutral,-0.3733108687358642,Neutral,True,131756.37268837797,-10.0,False
2024-06-23,1792.12,358.424,5,0.0,0.0,0,5,0.0,55,Greed,-0.2956472745206858,Neutral,False,138051.72203444416,2.0,True
2024-06-24,403002.8,13000.090322580645,31,0.0,0.0,25,6,0.8064516129032258,51,Neutral,-0.2253975366408915,Neutral,False,144346.0262801591,-4.0,False
2024-06-25,103099.08,2104.062857142857,49,4869.353105,99.3745531632653,11,38,0.22448979591836735,30,Fear,-0.17196234749454922,Fear,True,151476.34704007368,-21.0,False
2024-06-26,365190.66000000003,5072.092500000001,72,4197.732182,58.30183586111111,41,31,0.5694444444444444,46,Neutral,-0.16173119707169878,Neutral,True,140607.22045049272,16.0,True
2024-06-27,130486.95,4349.565,30,0.0,0.0,12,18,0.4,40,Fear,-0.12146541502013118,Fear,False,143253.1925993834,-6.0,False
2024-06-29,280095.11,3734.6014666666665,75,6150.326145,82.0043486,35,40,0.4666666666666667,30,Fear,-0.12436978694763795,Fear,True,146595.1309751173,-10.0,False
2024-06-30,30520.69,2180.049285714286,14,0.0,0.0,5,9,0.35714285714285715,47,Neutral,-0.10249924199950404,Neutral,False,161293.1072714448,17.0,True
2024-07-01,362670.14999999997,5666.721093749999,64,5065.839308,79.1537391875,6,58,0.09375,53,Neutral,-0.09924100013750436,Neutral,True,149170.6352283697,6.0,True
2024-07-02,33347.47,1852.6372222222224,18,2421.253116,134.514062,13,5,0.7222222222222222,51,Neutral,-0.08900862254403304,Neutral,True,146972.06934453215,-2.0,False
2024-07-03,179600.66,9977.814444444444,18,1118.387284,62.132626888888886,18,0,1.0,50,Neutral,-0.07412555505254191,Neutral,True,142514.62905628054,-1.0,False
2024-07-04,430568.01,17222.720400000002,25,0.0,0.0,25,0,1.0,44,Fear,-0.05191611057852123,Fear,False,156771.30173747902,-6.0,False
2024-07-05,272289.89,8509.0590625,32,0.0,0.0,32,0,1.0,29,Fear,-0.017150826867850525,Fear,False,154417.56538458014,-15.0,False
2024-07-06,2490.17,103.75708333333334,24,108.87217799999999,4.53634075,17,7,0.7083333333333334,26,Fear,0.016177989261890527,Fear,True,173037.7419529939,-3.0,False
2024-07-07,498.75,49.875,10,61.428942,6.1428942,0,10,0.0,29,Fear,0.0468269670751749,Fear,True,177877.2405134383,3.0,True
2024-07-08,497.64,497.64,1,0.0,0.0,1,0,1.0,28,Fear,0.04321999558107646,Fear,False,169399.59374728517,-1.0,False
2024-07-09,2736.45,182.42999999999998,15,648.984412,43.265627466666665,0,15,0.0,27,Fear,0.06501658186574726,Fear,True,172713.17491773923,-1.0,False
2024-07-10,687900.21,12283.93232142857,56,11977.734907,213.88812333928573,10,46,0.17857142857142858,28,Fear,0.042816436994602865,Fear,True,275062.94125282153,1.0,True
2024-07-11,169887.02,8941.422105263156,19,1876.812082,98.77958326315789,10,9,0.5263157894736842,29,Fear,0.06349841148564866,Fear,True,255528.95147823167,1.0,True
2024-07-12,89582.97,4714.893157894737,19,1412.314654,74.33235021052631,19,0,1.0,25,Fear,0.07134252024124409,Extreme Fear,True,251727.98704224368,-4.0,False
2024-07-13,139189.19,8187.599411764706,17,2913.617837,171.38928452941175,0,17,0.0,25,Fear,0.20057461052806655,Extreme Fear,True,244831.7210403137,0.0,False
2024-07-14,84001.13,12000.16142857143,7,0.0,0.0,0,7,0.0,33,Fear,0.2063455821378305,Fear,False,237943.7186514675,8.0,True
2024-07-15,198344.85,7628.6480769230775,26,-1.0,-0.038461538461538464,2,24,0.07692307692307693,52,Neutral,0.17728887198092805,Neutral,False,226237.25870688955,19.0,True
2024-07-16,144000.57,6545.480454545454,22,0.0,0.0,0,22,0.0,65,Greed,0.16947548459461745,Greed,False,211981.36231194763,13.0,True
2024-07-17,626005.53,1783.4915384615385,351,1859.269477,5.297064037037037,155,196,0.4415954415954416,69,Greed,0.18181959076786114,Greed,True,189076.72881844253,4.0,True
2024-07-18,649704.85,10828.414166666666,60,3803.884311,63.398071849999994,60,0,1.0,61,Greed,0.1505942930133694,Greed,True,250314.87997208923,-8.0,False
2024-07-19,150269.42,6533.453043478262,23,2155.891114,93.73439626086956,1,22,0.043478260869565216,60,Greed,0.17607151465629253,Greed,True,243754.0721481136,-1.0,False
2024-07-20,244362.21,918.65492481203,266,2299.169566,8.643494609022557,41,225,0.15413533834586465,74,Greed,0.15510231240436476,Greed,True,236435.83871429262,14.0,True
2024-07-21,234307.46,523.0077232142856,448,-2960.716887,-6.608743051339286,239,209,0.5334821428571429,74,Greed,-0.23062813716390662,Greed,False,219843.20703518766,0.0,False
2024-07-22,304213.8,1975.4142857142856,154,1517.119876,9.851427766233765,103,51,0.6688311688311688,70,Greed,-0.21723254605745912,Greed,True,213550.41675092172,-4.0,False
2024-07-23,358526.54,968.9906486486486,370,89890.302206,242.9467627189189,137,233,0.37027027027027026,71,Greed,0.24578221873568654,Greed,True,196060.7536991142,1.0,True
2024-07-24,69207.93,768.977,90,625.561479,6.9506831,54,36,0.6,69,Greed,0.2330622083817609,Greed,True,186051.03648205614,-2.0,False
2024-07-25,528555.31,6776.350128205129,78,916.7382600000001,11.753054615384617,77,1,0.9871794871794872,68,Greed,0.22013697315413297,Greed,True,148572.3489302722,-1.0,False
2024-07-26,548587.65,3609.1292763157894,152,2766.513113,18.200744164473683,43,109,0.28289473684210525,68,Greed,0.21411381534887136,Greed,True,169860.8286121098,0.0,False
2024-07-27,905199.75,15880.697368421053,57,6400.623656,112.2916430877193,9,48,0.15789473684210525,72,Greed,0.21235795828449075,Greed,True,270323.7259169229,4.0,True
2024-07-28,43254.68,2703.4175,16,587.29903,36.706189375,15,1,0.9375,71,Greed,0.1931124871819202,Greed,True,300321.9728347463,-1.0,False
2024-07-29,327199.14,8389.72153846154,39,330.80445399999996,8.482165487179486,18,21,0.46153846153846156,74,Greed,0.18375293859483746,Greed,True,299301.4160864471,3.0,True
2024-07-30,36006.47,6001.078333333334,6,0.0,0.0,6,0,1.0,67,Greed,0.17167228147099584,Greed,False,329546.4919198576,-7.0,False
2024-07-31,84506.54,1965.2683720930231,43,765.690884,17.806764744186047,17,26,0.3953488372093023,61,Greed,0.16718403621762123,Greed,True,327408.8884378451,-6.0,False
2024-08-01,227774.53,3996.044385964912,57,167.080017,2.9312283684210527,47,10,0.8245614035087719,52,Neutral,0.16691290306554932,Neutral,True,320238.33693943836,-9.0,False
2024-08-02,396320.37,6290.799523809524,63,782.3681909999999,12.418542714285714,42,21,0.6666666666666666,57,Greed,0.1640917969410373,Greed,True,306224.45976250555,5.0,True
2024-08-03,290532.86,7852.239459459459,37,464.1897,12.545667567567568,36,1,0.972972972972973,37,Fear,0.1654110017904213,Fear,True,146336.46921195855,-20.0,False
2024-08-04,1207744.07,9509.795826771655,127,-122672.000883,-965.9212667952756,60,67,0.47244094488188976,34,Fear,0.23991217758639177,Fear,False,392403.7977169335,-3.0,False
2024-08-05,420495.4,5256.1925,80,-13013.665169,-162.6708146125,41,39,0.5125,26,Fear,0.2611787104838827,Fear,False,392404.9229793291,-8.0,False
2024-08-06,61478.38,574.5642990654205,107,267.318048,2.4982995140186914,76,31,0.7102803738317757,17,Extreme Fear,0.25224239562730555,Extreme Fear,True,388779.4847442176,-9.0,False
2024-08-07,2492.77,75.53848484848484,33,188.789255,5.720886515151515,12,21,0.36363636363636365,29,Fear,0.25251477004106127,Fear,True,400376.37177411665,12.0,True
2024-08-08,16299.35,1811.038888888889,9,-40.712216999999995,-4.5235796666666666,5,4,0.5555555555555556,20,Extreme Fear,0.24911671789932446,Extreme Fear,False,420577.3963859495,-9.0,False
2024-08-09,503204.86,3494.4781944444444,144,18082.071276,125.56993941666666,54,90,0.375,48,Neutral,0.2678002227957275,Neutral,True,424789.10657417536,28.0,True
2024-08-10,11339.29,128.8555681818182,88,0.0,0.0,87,1,0.9886363636363636,40,Fear,0.2756660826805797,Fear,False,444758.66949066415,-8.0,False
2024-08-11,44230.21,1842.9254166666667,24,847.7766200000001,35.32402583333334,16,8,0.6666666666666666,39,Fear,0.2855711684580887,Fear,True,214395.583395668,-1.0,False
2024-08-12,54167.32,1128.4858333333334,48,858.6705000000001,17.88896875,39,9,0.8125,25,Fear,0.2894148283610108,Extreme Fear,True,179646.21552122664,-14.0,False
2024-08-13,20797.87,904.2552173913043,23,212.08102,9.220913913043479,20,3,0.8695652173913043,31,Fear,0.2878624647536579,Fear,True,181709.62596152903,6.0,True
2024-08-14,66710.03,2668.4012,25,2168.9015130000003,86.75606052,19,6,0.76,30,Fear,0.27734819151529294,Fear,True,177947.88924987812,-1.0,False
2024-08-15,1522.3700000000001,126.86416666666668,12,0.0,0.0,12,0,1.0,29,Fear,0.2726740447222517,Fear,False,179222.52102489216,-1.0,False
2024-08-16,166382.84,4753.795428571429,35,825.230544,23.578015542857145,32,3,0.9142857142857143,27,Fear,0.26648811650224863,Fear,True,55587.10051319032,-2.0,False
2024-08-17,30248.96,1008.2986666666667,30,-288.283113,-9.609437100000001,29,1,0.9666666666666667,25,Fear,0.2587296776903099,Extreme Fear,False,53699.897320988035,-2.0,False
2024-08-18,62804.48,4186.965333333334,15,307.201888,20.480125866666665,0,15,0.0,31,Fear,0.25473452690155224,Fear,True,53545.463223614955,6.0,True
2024-08-19,100315.03,12539.37875,8,339.69958299999996,42.462447874999995,3,5,0.375,28,Fear,0.2537695779328877,Fear,True,55855.05733938974,-3.0,False
2024-08-20,49914.8,4159.566666666667,12,192.602844,16.050237,5,7,0.4166666666666667,30,Fear,0.2645854561076579,Fear,True,53108.50165123149,2.0,True
2024-08-21,104990.41,724.0717931034483,145,656.200925,4.525523620689655,56,89,0.38620689655172413,26,Fear,0.26494858487782436,Fear,True,54862.857112941376,-4.0,False
2024-08-23,63509.56,6350.956,10,1005.30527,100.53052699999999,0,10,0.0,34,Fear,0.12889496943838333,Fear,True,45460.565441483326,8.0,True
2024-08-24,34999.67,4999.952857142857,7,0.0,0.0,0,7,0.0,56,Greed,0.12763562326372727,Greed,False,29379.69253335745,22.0,True
2024-08-25,21950.28,1291.1929411764704,17,0.0,0.0,8,9,0.47058823529411764,54,Neutral,0.1255567586683595,Neutral,False,31078.71771702375,-2.0,False
2024-08-26,92611.27,15435.211666666668,6,231.236918,38.539486333333336,6,0,1.0,55,Greed,0.11945752521665286,Neutral,True,33082.254664158194,1.0,True
2024-08-27,70250.16,1405.0032,50,0.0,0.0,49,1,0.98,48,Neutral,0.10019534352773887,Neutral,False,29810.70162414015,-7.0,False
2024-08-28,71160.06999999999,7906.674444444444,9,1333.359645,148.15107166666667,9,0,1.0,30,Fear,0.08918611216512674,Fear,True,29381.936460117555,-18.0,False
2024-08-29,9995.85,9995.85,1,0.0,0.0,0,1,0.0,29,Fear,0.07985781597655993,Fear,False,30106.020630386403,-1.0,False
2024-08-30,37233.24,6205.54,6,256.464,42.744,4,2,0.6666666666666666,34,Fear,0.07341666548247396,Fear,True,30079.802569474705,5.0,True
2024-08-31,107507.43000000001,3161.983235294118,34,10.882801,0.3200823823529412,11,23,0.3235294117647059,29,Fear,0.06139450371181606,Fear,True,36524.53896356947,-5.0,False
2024-09-01,12359.68,1029.9733333333334,12,137.433093,11.452757750000002,7,5,0.5833333333333334,26,Fear,0.04999078326857037,Fear,True,38269.80920977945,-3.0,False
2024-09-02,30000.42,15000.21,2,0.0,0.0,2,0,1.0,26,Fear,0.03461860360446927,Fear,False,35884.422708963386,0.0,False
2024-09-04,131480.97,3867.0873529411765,34,1065.785132,31.346621529411763,31,3,0.9117647058823529,27,Fear,0.027911617453669588,Fear,True,47645.73368998396,1.0,True
2024-09-05,0.84,0.84,1,0.0,0.0,0,1,0.0,29,Fear,0.2802453430947366,Fear,False,51576.34024321048,2.0,True
2024-09-06,39047.1,929.6928571428571,42,-1104.856765,-26.306113452380952,4,38,0.09523809523809523,22,Extreme Fear,0.27684128230279337,Extreme Fear,False,49223.27708991876,-7.0,False
2024-09-08,0.11,0.11,1,0.0,0.0,0,1,0.0,29,Fear,0.28071761857891675,Fear,False,52848.377447854946,7.0,True
2024-09-09,4014.4300000000003,2007.2150000000001,2,0.0,0.0,2,0,1.0,26,Fear,0.28263717262883675,Fear,False,46832.68552416354,-3.0,False
2024-09-10,2547.28,849.0933333333334,3,-219.729659,-73.24321966666666,1,2,0.3333333333333333,33,Fear,0.2779447443592521,Fear,False,47623.30172379357,7.0,True
2024-09-11,0.54,0.54,1,0.0,0.0,0,1,0.0,37,Fear,-0.06455733660512818,Fear,False,48912.05969611511,4.0,True
2024-09-14,1014.8000000000001,92.25454545454546,11,0.0,0.0,10,1,0.9090909090909091,50,Neutral,-0.07926541787808304,Neutral,False,14362.874517128483,13.0,True
2024-09-18,13633.5,94.02413793103449,145,-878.684794,-6.059895131034483,11,134,0.07586206896551724,45,Neutral,-0.16870068917778153,Fear,False,14232.99274588387,-5.0,False
2024-09-19,1521.8700000000001,80.09842105263158,19,0.0,0.0,19,0,1.0,49,Neutral,-0.15466396495662163,Neutral,False,4795.80589187946,4.0,True
2024-09-20,332873.38,20804.58625,16,9585.03428,599.0646425,3,13,0.1875,54,Neutral,0.2681436147836352,Neutral,True,124466.48835551603,5.0,True
2024-09-21,165648.12,7202.092173913044,23,36165.56933,1572.416057826087,0,23,0.0,54,Neutral,0.3703220485494495,Neutral,True,129241.4835958722,0.0,False
2024-09-22,19999.739999999998,6666.579999999999,3,0.0,0.0,3,0,1.0,52,Neutral,0.3435351833828154,Neutral,False,127796.05039168114,-2.0,False
2024-09-23,40334.29,20167.145,2,334.760796,167.380398,1,1,0.5,50,Neutral,0.32898242190760935,Neutral,True,124648.62912554396,-2.0,False
2024-09-24,7118.63,711.863,10,0.0,0.0,9,1,0.9,54,Neutral,0.30262922990148583,Neutral,False,124006.17608866432,4.0,True
2024-09-25,52754.130000000005,5861.570000000001,9,0.0,0.0,6,3,0.6666666666666666,59,Greed,0.2718599455846915,Greed,False,121207.95616352351,5.0,True
2024-09-26,113711.93000000001,14213.991250000001,8,439.812513,54.976564125,0,8,0.0,50,Neutral,0.26113270642959896,Neutral,True,115033.70897540438,-9.0,False
2024-09-27,126097.04,2251.732857142857,56,0.0,0.0,0,56,0.0,61,Greed,0.2324280285458152,Greed,False,60077.78137998812,11.0,True
2024-09-28,29199.21,7299.8025,4,0.0,0.0,0,4,0.0,64,Greed,0.2058618676699249,Greed,False,46373.11247677928,3.0,True
2024-09-30,214669.85,2025.1872641509435,106,2710.626288,25.571946113207545,10,96,0.09433962264150944,61,Greed,0.2059184842501617,Greed,True,72484.50475973831,-3.0,False
2024-10-01,139954.32,34988.58,4,0.0,0.0,4,0,1.0,50,Neutral,0.21221705105401234,Neutral,False,72396.59168503618,-11.0,False
2024-10-02,99954.34,24988.585,4,0.0,0.0,4,0,1.0,42,Fear,0.22277279320361693,Fear,False,60590.09926582093,-8.0,False
2024-10-03,132935.69,14770.632222222222,9,100.375782,11.152864666666666,6,3,0.6666666666666666,37,Fear,0.23641667442156628,Fear,True,55094.18405119434,-5.0,False
2024-10-04,0.34,0.34,1,0.0,0.0,0,1,0.0,41,Fear,0.24200042249436893,Fear,False,72182.8695239988,4.0,True
2024-10-05,605605.74,16367.722702702702,37,5767.161892,155.86924032432432,9,28,0.24324324324324326,49,Neutral,0.2523369520272933,Neutral,True,203103.49668099984,8.0,True
2024-10-06,300130.56,13642.298181818182,22,130.487079,5.9312308636363635,6,16,0.2727272727272727,50,Neutral,0.2409813108961673,Neutral,True,196480.36700855178,1.0,True
2024-10-07,219984.65,10475.459523809524,21,0.0,0.0,0,21,0.0,50,Neutral,0.2311489185151144,Neutral,False,196496.71389234203,0.0,False
2024-10-08,434584.13,12071.781388888889,36,5396.546638,149.90407327777777,34,2,0.9444444444444444,49,Neutral,0.231392980759141,Neutral,True,209121.88266408563,-1.0,False
2024-10-09,220399.93,15742.852142857142,14,396.06272,28.290194285714286,11,3,0.7857142857142857,49,Neutral,0.22287402573851836,Neutral,True,198827.9407714485,0.0,False
2024-10-10,300024.33999999997,18751.521249999998,16,0.0,0.0,16,0,1.0,39,Fear,0.2210709176565439,Fear,False,188941.41425451354,-10.0,False
2024-10-11,488904.19,18804.007307692307,26,8885.327477,341.74336450000004,0,26,0.0,32,Fear,0.17219570033661302,Fear,True,146300.6280957999,-7.0,False
2024-10-12,159713.4,15971.34,10,541.55471,54.155471,7,3,0.7,49,Neutral,0.15895290234047596,Neutral,True,119816.62068277167,17.0,True
2024-10-13,60002.42,6000.242,10,0.0,0.0,10,0,1.0,50,Neutral,0.12856372786920486,Neutral,False,151176.73630175524,1.0,True
2024-10-14,61916.020000000004,12383.204000000002,5,1913.61958,382.72391600000003,0,5,0.0,48,Neutral,0.11356999648945522,Neutral,True,170326.1609334238,-2.0,False
2024-10-15,81173.36,11596.194285714286,7,1170.2260760000001,167.17515371428573,3,4,0.42857142857142855,65,Greed,0.07572565960026266,Greed,True,157154.38901263347,17.0,True
2024-10-16,80229.17,7293.560909090909,11,219.480876,19.95280690909091,8,3,0.7272727272727273,73,Greed,0.017519656908443083,Greed,True,162373.57069732784,8.0,True
2024-10-17,140531.75,15614.638888888889,9,36.11496,4.0127733333333335,7,2,0.7777777777777778,71,Greed,-0.027466448503439277,Greed,True,152987.65976272052,-2.0,False
2024-10-18,120331.43000000001,20055.238333333335,6,333.219141,55.536523499999994,1,5,0.16666666666666666,73,Greed,-0.04976294202816819,Greed,True,39613.200338912866,2.0,True
2024-10-19,99996.86,24999.215,4,0.0,0.0,4,0,1.0,72,Greed,-0.0821579458003367,Greed,False,30018.342515271393,-1.0,False
2024-10-20,176447.86000000002,1837.9985416666668,96,389.155797,4.05370621875,7,89,0.07291666666666667,73,Greed,-0.10147905170797032,Greed,True,39939.7500777215,1.0,True
2024-10-21,324117.99,1873.5143930635838,173,2464.915564,14.248066843930635,79,94,0.45664739884393063,72,Greed,-0.09740133934729762,Greed,True,85621.60354977779,-1.0,False
2024-10-22,60000.36,20000.12,3,0.0,0.0,3,0,1.0,70,Greed,-0.29472890681544694,Greed,False,88619.75700062374,-2.0,False
2024-10-23,210006.07,11667.003888888888,18,-46.489941,-2.5827745,15,3,0.8333333333333334,71,Greed,-0.3141650431194335,Greed,False,86833.26518544593,1.0,True
2024-10-25,427883.18,14262.772666666666,30,13235.862071,441.19540236666666,14,16,0.4666666666666667,72,Greed,-0.04578295449478658,Greed,True,131585.2372540545,1.0,True
2024-10-27,90664.41,22666.1025,4,666.6623079999999,166.66557699999998,0,4,0.0,74,Greed,-0.060443364520353905,Greed,True,135110.27690957414,2.0,True
2024-10-28,121495.25,9345.788461538461,13,167.28016200000002,12.867704769230771,0,13,0.0,72,Greed,-0.07377994459767935,Greed,True,132722.71399682038,-2.0,False
2024-10-29,613267.8099999999,11571.09075471698,53,801.170876,15.11643162264151,3,50,0.05660377358490566,72,Greed,-0.08844848262899035,Greed,True,203036.8829583542,0.0,False
2024-10-30,11830.85,473.23400000000004,25,9.150023,0.36600091999999995,8,17,0.32,77,Extreme Greed,-0.10544502126418064,Extreme Greed,True,221109.5741726399,5.0,True
2024-10-31,896173.36,18670.278333333332,48,1214.043811,25.292579395833332,42,6,0.875,77,Extreme Greed,-0.10169737650680924,Extreme Greed,True,323064.17573263944,0.0,False
2024-11-01,260981.03,11347.001304347827,23,1040.475736,45.238075478260875,13,10,0.5652173913043478,75,Extreme Greed,-0.10712856688447543,Greed,True,320240.41576611565,-2.0,False
2024-11-02,40000.0,20000.0,2,0.0,0.0,2,0,1.0,72,Greed,-0.13266966759344792,Greed,False,336846.6868089586,-3.0,False
2024-11-03,129055.66,21509.27666666667,6,0.0,0.0,6,0,1.0,74,Greed,-0.17309933257322482,Greed,False,333342.56340940465,2.0,True
2024-11-04,451811.97,12550.332499999999,36,2799.410474,77.76140205555555,13,23,0.3611111111111111,70,Greed,-0.20445250852799163,Greed,True,327837.9059971805,-4.0,False
2024-11-05,200627.23,20062.723,10,678.4759280000001,67.8475928,5,5,0.5,70,Greed,-0.25103141010297314,Greed,True,307684.06083097577,0.0,False
2024-11-06,123906.9,8260.46,15,2817.83723,187.85581533333334,6,9,0.4,70,Greed,-0.1985483245624384,Greed,True,293739.3375872749,0.0,False
2024-11-07,111335.3,985.2681415929204,113,4493.353136,39.764187044247784,53,60,0.4690265486725664,77,Extreme Greed,-0.18461062735374037,Extreme Greed,True,135674.76332138933,7.0,True
2024-11-08,270700.44,6941.036923076923,39,-64.41354100000007,-1.6516292564102582,23,16,0.5897435897435898,75,Extreme Greed,-0.227222273846901,Greed,False,136589.84471929766,-2.0,False
2024-11-09,193384.41,2248.655930232558,86,102.90894,1.196615581395349,53,33,0.6162790697674418,75,Extreme Greed,-0.18513226800125399,Greed,True,119863.46360061382,0.0,False
2024-11-10,413636.7,2390.963583815029,173,991.114334,5.728984589595376,48,125,0.2774566473988439,78,Extreme Greed,-0.21658654784404674,Extreme Greed,True,134579.60494279148,3.0,True
2024-11-11,1570572.42,4210.649919571046,373,6749.630996,18.09552545844504,94,279,0.2520107238605898,76,Extreme Greed,-0.2416496901000617,Extreme Greed,True,520916.8860761674,-2.0,False
2024-11-12,1226354.52,7171.663859649123,171,3494.399394,20.435084175438597,98,73,0.5730994152046783,80,Extreme Greed,0.11595338519201454,Extreme Greed,True,591082.4828766007,4.0,True
2024-11-13,515336.37,10736.174375,48,7846.402274,163.46671404166668,16,32,0.3333333333333333,84,Extreme Greed,0.20516722055549924,Extreme Greed,True,560852.19458632,4.0,True
2024-11-14,1008361.81,9166.925545454545,110,4563.509225,41.4864475,82,28,0.7454545454545455,88,Extreme Greed,0.2244968885175832,Extreme Greed,True,528264.2441331369,4.0,True
2024-11-15,1427858.42,9582.942416107382,149,4140.740438,27.790204281879195,91,58,0.610738255033557,80,Extreme Greed,0.3471585135502099,Extreme Greed,True,536956.281123845,-8.0,False
2024-11-16,303296.07,1931.822101910828,157,2769.521909,17.640266936305732,77,80,0.49044585987261147,86,Extreme Greed,0.3371336061729273,Extreme Greed,True,513681.7185789426,6.0,True
2024-11-17,1215987.57,5818.122344497608,209,882.975285,4.224762129186603,73,136,0.3492822966507177,90,Extreme Greed,0.24710045874226033,Extreme Greed,True,468441.5796953831,4.0,True
2024-11-18,2084339.58,6024.102832369942,346,4470.815187,12.921431176300578,125,221,0.36127167630057805,83,Extreme Greed,0.2565152166343829,Extreme Greed,True,590176.6276534068,-7.0,False
2024-11-19,628031.15,2059.118524590164,305,2958.268991,9.699242593442623,160,145,0.5245901639344263,90,Extreme Greed,0.241408134478458,Extreme Greed,True,613655.2436480374,7.0,True
2024-11-20,1999514.1199999999,3635.480218181818,550,4210.0928969999995,7.654714358181818,244,306,0.44363636363636366,83,Extreme Greed,0.2410871316092999,Extreme Greed,True,662217.494971936,-7.0,False
2024-11-21,598300.62,1118.3189158878504,535,1692.430891,3.1634222261682243,235,300,0.4392523364485981,82,Extreme Greed,0.21825165591192147,Extreme Greed,True,702829.3902783361,-1.0,False
2024-11-22,1646713.62,2425.2041531664213,679,-18105.345617,-26.664721085419732,327,352,0.48159057437407954,94,Extreme Greed,-0.23268380619305173,Extreme Greed,False,720361.8666318016,12.0,True
2024-11-23,516245.68,1422.1644077134986,363,2901.531638,7.993200104683195,150,213,0.4132231404958678,93,Extreme Greed,-0.22141707767287738,Extreme Greed,True,678952.1288316204,-1.0,False
2024-11-24,664952.28,3866.001627906977,172,945.550386,5.497385965116279,103,69,0.5988372093023255,80,Extreme Greed,-0.24378027372194921,Extreme Greed,True,713444.6835613745,-13.0,False
2024-11-25,937410.87,3676.1210588235294,255,5523.740734,21.66172836862745,126,129,0.49411764705882355,82,Extreme Greed,-0.1661380783151502,Extreme Greed,True,586965.5970927933,2.0,True
2024-11-26,1146902.44,3797.6901986754965,302,1094.809359,3.6251965529801327,197,105,0.652317880794702,79,Extreme Greed,-0.17426925835203994,Extreme Greed,True,564688.6161703933,-3.0,False
2024-11-27,1444242.53,6780.481361502348,213,-2654.495633,-12.462420812206572,72,141,0.3380281690140845,75,Extreme Greed,-0.1643171225354463,Greed,False,437499.141098403,-4.0,False
2024-11-28,1894225.15,5705.497439759036,332,-127075.39958499999,-382.75722766566264,207,125,0.6234939759036144,77,Extreme Greed,0.0449132502580281,Extreme Greed,False,510480.1323019458,2.0,True
2024-11-29,794262.91,2021.0252162849874,393,176844.994152,449.98726247328244,148,245,0.37659033078880405,78,Extreme Greed,-0.013473795552760896,Extreme Greed,True,481046.44323115767,1.0,True
2024-11-30,1732193.7,4643.950938337802,373,37316.69352,100.04475474530831,103,270,0.2761394101876676,84,Extreme Greed,0.0032821192060021845,Extreme Greed,True,472749.09782275563,6.0,True
2024-12-01,814711.82,1958.441875,416,40886.364494,98.28453003365385,144,272,0.34615384615384615,81,Extreme Greed,0.0047231710963812155,Extreme Greed,True,445487.0623914617,-3.0,False
2024-12-02,585243.56,2167.568740740741,270,18489.604313,68.48001597407408,156,114,0.5777777777777777,80,Extreme Greed,-0.0022931474540945993,Extreme Greed,True,503095.03322970733,-1.0,False
2024-12-03,1084666.53,2900.177887700535,374,23576.539285,63.03887509358289,170,204,0.45454545454545453,76,Extreme Greed,-0.018020956092466893,Extreme Greed,True,504771.61654432624,-4.0,False
2024-12-04,769287.65,2411.5600313479626,319,292891.815021,918.1561599404388,96,223,0.30094043887147337,78,Extreme Greed,-0.08479634743072499,Extreme Greed,True,513130.0541140939,2.0,True
2024-12-05,1256750.79,2756.0324342105264,456,71574.11848800001,156.96078615789474,192,264,0.42105263157894735,84,Extreme Greed,-0.09186332088780555,Extreme Greed,True,389638.8812699644,6.0,True
2024-12-06,3471019.22,8612.950918114144,403,-92624.643895,-229.83782604218362,205,198,0.5086848635235732,72,Greed,-0.01407730133919698,Greed,False,993525.4977728402,-12.0,False
2024-12-07,451733.42,1485.965197368421,304,85906.279067,282.5864442993421,110,194,0.3618421052631579,75,Extreme Greed,-0.05563220530482053,Greed,True,1036474.7733490502,3.0,True
2024-12-08,932939.72,2221.2850476190474,420,15965.933436,38.014127228571425,82,338,0.19523809523809524,79,Extreme Greed,-0.06678350723916839,Extreme Greed,True,1030002.301107682,4.0,True
2024-12-09,983949.68,1825.5096103896105,539,6310.967676,11.708659881261596,455,84,0.8441558441558441,78,Extreme Greed,-0.07508328323483515,Extreme Greed,True,999516.2882724049,-1.0,False
2024-12-10,3150424.08,1973.94992481203,1596,39325.770231,24.640206911654136,530,1066,0.33208020050125314,78,Extreme Greed,-0.08708689290652731,Extreme Greed,True,1214537.1721092134,0.0,False
2024-12-11,2194098.33,1796.9683292383293,1221,319051.554217,261.30348420720725,171,1050,0.14004914004914004,74,Greed,-0.22912925837126802,Greed,True,1176033.0656503495,-4.0,False
2024-12-12,4557189.87,2358.7939285714288,1932,599151.795008,310.1199767122153,421,1511,0.2179089026915114,83,Extreme Greed,-0.11380020370024492,Extreme Greed,True,1538353.2732984694,9.0,True
2024-12-13,2880824.64,2455.9459846547315,1173,31935.901745,27.22583268968457,676,497,0.5763000852514919,76,Extreme Greed,-0.10259004816065541,Extreme Greed,True,1475071.5959395284,-7.0,False
2024-12-14,2369561.78,1918.6735060728743,1235,167801.399244,135.87157833522267,595,640,0.4817813765182186,83,Extreme Greed,-0.07895600047130011,Extreme Greed,True,1267428.285626872,7.0,True
2024-12-15,2583269.81,1522.256812021214,1697,97525.315279,57.4692488385386,1131,566,0.6664702416028285,80,Extreme Greed,-0.08380935629807053,Extreme Greed,True,1080405.05275634,-3.0,False
2024-12-16,2740808.97,2597.9231943127966,1055,166774.344133,158.07994704549765,423,632,0.4009478672985782,83,Extreme Greed,-0.0610266205327913,Extreme Greed,True,786367.7869033326,3.0,True
2024-12-17,5233597.63,2696.3408706852138,1941,219591.305172,113.13307839876352,851,1090,0.43843379701184954,87,Extreme Greed,0.010165974932084498,Extreme Greed,True,1180988.807088907,4.0,True
2024-12-18,3798887.07,2658.423421973408,1429,13682.994673,9.575223703988803,715,714,0.5003498950314905,81,Extreme Greed,0.016766709640020232,Extreme Greed,True,1101080.0770661822,-6.0,False
2024-12-19,8241709.39,2468.316678646301,3339,62744.004486000005,18.79125621024259,1201,2138,0.35968852949985025,75,Extreme Greed,0.05390407327958849,Greed,True,2123464.3403342217,-6.0,False
2024-12-20,7681274.71,3087.3290635048234,2488,254969.660039,102.47976689670418,1129,1359,0.4537781350482315,74,Greed,0.010474031124931324,Greed,True,2458636.5268745283,-1.0,False
2024-12-21,4382875.12,2607.302272456871,1681,150022.163157,89.24578415050566,596,1085,0.3545508625817965,73,Greed,-0.0017603979729719635,Greed,True,2254781.8159653763,-1.0,False
2024-12-22,3087320.22,3988.7858139534887,774,352197.163973,455.03509557235145,448,326,0.5788113695090439,73,Greed,-0.001421772552930317,Greed,True,2173105.538512673,0.0,False
2024-12-23,6771878.26,2885.333728163613,2347,-29430.626577,-12.53967898466127,1036,1311,0.4414145717937793,70,Greed,0.13942656281860755,Greed,False,1994026.1552456634,-3.0,False
2024-12-24,1767036.11,5227.917485207101,338,14813.780116,43.827751822485205,118,220,0.34911242603550297,73,Greed,0.17063115647727775,Greed,True,2473022.7104542674,3.0,True
2024-12-25,347889.35,1672.5449519230767,208,756.6570469999998,3.637774264423076,86,122,0.41346153846153844,73,Greed,0.21698368625389225,Greed,True,3052701.402237672,0.0,False
2024-12-26,2205242.65,3163.9062410329984,697,60228.639722,86.41124780774749,373,324,0.5351506456241033,79,Extreme Greed,0.22248234637390207,Extreme Greed,True,2686978.3649138277,6.0,True
2024-12-27,347913.0,1338.126923076923,260,2672.811035,10.280042442307693,137,123,0.5269230769230769,74,Greed,0.2259428881545427,Greed,True,2300079.986879792,-5.0,False
2024-12-28,281555.01,1748.7888819875777,161,940.673623,5.842693310559007,57,104,0.35403726708074534,72,Greed,0.2513187385937057,Greed,True,2322639.9953852454,-2.0,False
2024-12-29,344628.54,1714.5698507462685,201,2884.067927,14.348596651741294,69,132,0.34328358208955223,73,Greed,0.26794574660302806,Greed,True,2362383.335972966,1.0,True
2024-12-30,1073865.73,3532.453059210526,304,9009.738137,29.637296503289473,183,121,0.6019736842105263,65,Greed,0.323150203027053,Greed,True,794304.104860934,-8.0,False
2024-12-31,877164.62,2866.551045751634,306,5445.01281,17.794159509803922,141,165,0.46078431372549017,64,Greed,0.35829604981118407,Greed,True,699819.2053312267,-1.0,False
2025-01-01,282582.1,2943.5635416666664,96,-9528.065345,-99.25068067708334,68,28,0.7083333333333334,66,Greed,0.3994082109841154,Greed,False,706979.2406241745,2.0,True
2025-01-02,774674.84,2145.9136842105263,361,8716.519087,24.145482235457067,107,254,0.296398891966759,70,Greed,0.41387384845237346,Greed,True,330665.6854662022,4.0,True
2025-01-03,771208.99,1518.1279330708662,508,6028.486793,11.867099986220472,169,339,0.33267716535433073,74,Greed,0.4094709289873328,Greed,True,322108.9970920843,4.0,True
2025-01-04,1826029.6199999999,4921.912722371967,371,2553.537968,6.882851665768194,76,295,0.20485175202156333,73,Greed,0.43841933736360167,Greed,True,515223.71939557296,-1.0,False
2025-01-05,451943.57,1890.977280334728,239,3187.719363,13.337737920502093,65,174,0.2719665271966527,72,Greed,0.43494290495014415,Greed,True,499020.9653533098,-1.0,False
2025-01-06,556526.99,971.2512914485166,573,6064.185393,10.583220581151831,148,425,0.2582897033158813,76,Extreme Greed,0.4285721938715994,Extreme Greed,True,501297.161857121,4.0,True
2025-01-07,1313178.1,2061.504081632653,637,16098.227531,25.271942748822607,562,75,0.8822605965463108,78,Extreme Greed,0.4335567547706839,Extreme Greed,True,539365.4344153188,2.0,True
2025-01-08,3177275.18,3058.0126852743024,1039,130117.090554,125.23300342059672,745,294,0.7170356111645814,70,Greed,0.43422371956521333,Greed,True,967908.3104678246,-8.0,False
2025-01-09,1020733.25,1955.427681992337,522,46975.928902,89.99220096168582,201,321,0.3850574712643678,69,Greed,0.448264192050594,Greed,True,951364.2677043462,-1.0,False
2025-01-10,6547449.68,7994.444053724053,819,-10116.875552,-12.352717401709402,366,453,0.4468864468864469,50,Neutral,0.44572972337318295,Neutral,False,2156090.8213100773,-19.0,False
2025-01-11,1658098.71,5859.006042402827,283,2269.080536,8.017952424028268,166,117,0.5865724381625441,69,Greed,0.4056677927200946,Greed,True,2160934.2427623537,19.0,True
2025-01-12,2258459.17,3751.59330564784,602,5742.241803,9.538607646179402,81,521,0.1345514950166113,62,Greed,0.4232584850126133,Greed,True,2035010.9046786167,-7.0,False
2025-01-13,2936648.0100000002,7197.666691176471,408,9655.429352,23.66526801960784,240,168,0.5882352941176471,61,Greed,0.39510180558580543,Greed,True,1875738.578410741,-1.0,False
2025-01-14,876581.97,3187.5708,275,16069.512355,58.43459038181818,92,183,0.33454545454545453,63,Greed,0.3914711526614937,Greed,True,1935897.5497329647,2.0,True
2025-01-15,1801599.8900000001,6747.565131086143,267,14819.5883,55.50407602996255,93,174,0.34831460674157305,70,Greed,0.34503757671237106,Greed,True,1942001.667032053,7.0,True
2025-01-16,3049692.96,8220.196657681941,371,20807.709328,56.08546988679245,114,257,0.30727762803234504,75,Extreme Greed,0.2097921055630498,Greed,True,1843284.5811421575,5.0,True
2025-01-17,1110230.46,4664.8338655462185,238,7006.415608,29.43872104201681,95,143,0.39915966386554624,75,Extreme Greed,0.22704765985085862,Greed,True,840869.6156198777,0.0,False
2025-01-18,2711629.88,4165.330076804916,651,443.2330819999997,0.6808495883256523,353,298,0.5422427035330261,77,Extreme Greed,0.19915260075793917,Extreme Greed,True,872376.8118820756,2.0,True
2025-01-19,9715215.3,6199.8821314613915,1567,87923.799302,56.10963580216975,841,726,0.5366943203573707,77,Extreme Greed,0.19107730129567305,Extreme Greed,True,3013685.1717588697,0.0,False
2025-01-20,8287327.01,6302.149817490495,1315,87277.239173,66.37052408593155,755,560,0.5741444866920152,76,Extreme Greed,0.19801444262061188,Extreme Greed,True,3571150.015183307,-1.0,False
2025-01-21,1523729.82,2874.961924528302,530,11077.839421,20.901583813207548,145,385,0.27358490566037735,76,Extreme Greed,0.2732514537656309,Extreme Greed,True,3486110.6169266524,0.0,False
2025-01-22,1778406.43,2137.5077283653845,832,20524.408057,24.66875968389423,297,535,0.35697115384615385,84,Extreme Greed,0.2614005568525375,Extreme Greed,True,3488590.0454568486,8.0,True
2025-01-23,3697028.66,3035.3273070607556,1218,101256.24216,83.13320374384236,561,657,0.4605911330049261,75,Extreme Greed,0.28147119672906873,Greed,True,3466934.6021743333,-9.0,False
2025-01-24,1611433.45,1843.7453661327231,874,10602.779738,12.131326931350113,358,516,0.4096109839816934,75,Extreme Greed,0.28061779003472886,Greed,True,3398982.0402013017,0.0,False
2025-01-25,1239377.7,2449.363043478261,506,-10348.016255999999,-20.450625011857706,315,191,0.6225296442687747,75,Extreme Greed,0.22511238447238568,Greed,False,3547938.857725511,0.0,False
2025-01-26,1201173.66,2663.3562305986693,451,40823.466668,90.51766445232816,176,275,0.3902439024390244,73,Greed,0.23836885548891298,Greed,True,2581428.6925117504,-2.0,False
2025-01-27,1508028.31,1950.8775032341528,773,41331.765392,53.469295461837,510,263,0.6597671410090556,71,Greed,0.2409797312473754,Greed,True,863034.0211398298,-2.0,False
2025-01-28,579412.17,1163.4782530120483,498,17979.613973,36.103642516064255,157,341,0.3152610441767068,72,Greed,0.24761461744181243,Greed,True,978440.1670410333,1.0,True
2025-01-29,1897513.41,2085.1795714285713,910,23421.01147,25.737375241758244,438,472,0.48131868131868133,72,Greed,0.23827834600059816,Greed,True,981886.9389566015,0.0,False
2025-01-30,3014397.17,2825.114498594189,1067,23097.471385,21.64711470009372,267,800,0.25023430178069356,70,Greed,0.22319904423529377,Greed,True,755554.566921428,-2.0,False
2025-01-31,2783411.48,2739.578228346457,1016,35868.296773,35.303441705708664,323,693,0.31791338582677164,76,Extreme Greed,0.20377393461458934,Extreme Greed,True,883088.2942314056,6.0,True
2025-02-01,1363746.44,2151.019621451104,634,32300.205017,50.946695610410096,352,282,0.555205047318612,68,Greed,0.19474048377378658,Greed,True,872378.4441511435,-8.0,False
2025-02-02,5661092.29,4291.957763457164,1319,162854.759623,123.46835452843062,833,486,0.6315390447308568,60,Greed,-0.03447137967071326,Greed,True,1663113.0785096348,-8.0,False
2025-02-03,22592901.37,9492.815701680673,2380,348871.326269,146.58459086932774,1091,1289,0.4584033613445378,44,Fear,-0.4987977478771863,Fear,True,7745937.252793994,-16.0,False
2025-02-04,15678409.27,6241.404964171974,2512,416876.88812,165.9541752070064,1143,1369,0.455015923566879,72,Greed,-0.33268837190874945,Greed,True,8260724.634959986,28.0,True
2025-02-05,8743231.51,6741.1191287586735,1297,56706.235562,43.721075992289904,689,608,0.5312259059367772,54,Neutral,-0.30401257902073636,Neutral,True,7873363.135880124,-18.0,False
2025-02-06,2818508.87,1655.0257604227834,1703,33803.799733,19.84955944392249,1163,540,0.6829125073399882,49,Neutral,-0.25086772597216545,Neutral,True,7896623.493349503,-5.0,False
2025-02-07,3460263.54,2270.5141338582675,1524,22450.002091,14.730972500656167,957,567,0.6279527559055118,44,Fear,-0.20317230688476826,Fear,True,7818426.54857082,-5.0,False
2025-02-08,839734.97,1460.4086434782607,575,586.703253,1.0203534834782608,451,124,0.7843478260869565,44,Fear,-0.1460087297553191,Fear,True,7901514.334671698,0.0,False
2025-02-09,2920919.7,3823.19332460733,764,150551.829492,197.05736844502616,428,336,0.5602094240837696,46,Neutral,-0.23663685002258852,Neutral,True,8132526.758027032,2.0,True
2025-02-10,3624958.44,4077.5685489313837,889,63908.49465,71.88807047244094,360,529,0.4049493813273341,43,Fear,-0.22067770701022998,Fear,True,5120717.878790295,-3.0,False
2025-02-11,2797544.17,3298.990766509434,848,-6093.784817,-7.186067001179245,362,486,0.4268867924528302,47,Neutral,-0.18271822290515846,Neutral,False,2442944.0093552996,4.0,True
2025-02-12,4143974.54,4019.3739476236665,1031,19848.635032,19.251828353055284,406,625,0.3937924345295829,46,Neutral,-0.160955963725551,Neutral,True,1051652.0384220043,-1.0,False
2025-02-13,3199852.21,2335.6585474452554,1370,27829.534238,20.313528640875912,593,777,0.43284671532846714,50,Neutral,-0.14680483121364477,Neutral,True,1053960.6299346474,4.0,True
2025-02-14,4007103.42,2421.210525679758,1655,213860.675308,129.22095184773414,532,1123,0.3214501510574018,48,Neutral,-0.1912372441211623,Neutral,True,1112556.0769545184,-2.0,False
2025-02-15,1712852.95,1837.8250536480687,932,45042.92701,48.32932082618026,573,359,0.6148068669527897,50,Neutral,-0.1690469627302307,Neutral,True,834121.1943014327,2.0,True
2025-02-16,806177.64,1183.8144493392072,681,2369.478425,3.4794103157121876,345,336,0.5066079295154186,54,Neutral,-0.13625323107696952,Neutral,True,1237775.289418811,4.0,True
2025-02-17,2031044.64,2158.3896280552603,941,1818.573295,1.9325964877789585,623,318,0.6620616365568545,51,Neutral,-0.09272906362546941,Neutral,True,1228527.245319598,-3.0,False
2025-02-18,3371128.68,2011.413293556086,1676,91204.672403,54.418062292959426,1051,625,0.6270883054892601,47,Neutral,-0.1084735308693518,Neutral,True,1257152.076899932,-4.0,False
2025-02-19,3263930.24,2398.185334313005,1361,14985.794701,11.010870463629685,864,497,0.6348273328434975,44,Fear,-0.09434941179798496,Fear,True,1132730.7013301216,-3.0,False
2025-02-20,4628609.29,2300.5016351888667,2012,46008.794102,22.867193887673956,788,1224,0.39165009940357853,49,Neutral,-0.06583496013540509,Neutral,True,1359158.4943522995,5.0,True
2025-02-21,3972159.88,2120.747399893219,1873,119693.49395,63.904695114789114,744,1129,0.397223705285638,55,Greed,-0.03883625404845891,Neutral,True,1354176.3464984437,6.0,True
2025-02-22,3175570.2,4629.111078717201,686,25278.704178,36.849423,360,326,0.5247813411078717,49,Neutral,-0.0454528992368791,Neutral,True,1263499.3958546896,-6.0,False
2025-02-23,1141310.74,2194.8283461538463,520,10656.934251,20.494104328846156,283,237,0.5442307692307692,50,Neutral,-0.003716598124266275,Neutral,True,1167661.6717496032,1.0,True
2025-02-24,11223619.59,1998.5077617521367,5616,38470.176242,6.850102607193732,3255,2361,0.5795940170940171,49,Neutral,0.0521059393773424,Neutral,True,3195427.158667859,-1.0,False
2025-02-25,19414984.36,3108.3868651937237,6246,204762.177034,32.782929400256165,4236,2010,0.6781940441882806,25,Fear,-0.044518300594630425,Extreme Fear,True,6441946.259811433,-24.0,False
2025-02-26,4946958.13,4206.597049319727,1176,63229.063129,53.76621014370748,387,789,0.32908163265306123,21,Extreme Fear,-0.012724474527589525,Extreme Fear,True,6323136.563140175,-4.0,False
2025-02-27,1999898.43,2247.0768876404495,890,-36525.167517,-41.039514064044944,406,484,0.45617977528089887,10,Extreme Fear,0.12518782110005414,Extreme Fear,False,6556289.348159075,-11.0,False
2025-02-28,4123660.77,4046.7721000981355,1019,225628.108748,221.4211077016683,530,489,0.5201177625122669,16,Extreme Fear,0.03977305792600237,Extreme Fear,True,6546590.753721593,6.0,True
2025-03-01,263824.13,1516.230632183908,174,10596.108968,60.897177977011495,105,69,0.603448275862069,20,Extreme Fear,0.10919391734534478,Extreme Fear,True,6882484.700456376,4.0,True
2025-03-02,6460848.74,12144.452518796992,532,66914.320708,125.77879832330827,274,258,0.5150375939849624,26,Fear,0.15325878864782694,Fear,True,6520238.672668057,6.0,True
2025-03-03,8244590.38,5563.151403508772,1482,616413.032233,415.9332201302294,1069,413,0.7213225371120108,33,Fear,0.04512505087327167,Fear,True,6285451.29546906,7.0,True
2025-03-04,11124247.15,4631.24360949209,2402,182075.566585,75.80165136761032,1748,654,0.7277268942547876,15,Extreme Fear,-0.011053505751616288,Extreme Fear,True,3690112.9573790007,-18.0,False
2025-03-05,9193654.22,5538.345915662651,1660,269328.365917,162.24600356445782,375,1285,0.22590361445783133,20,Extreme Fear,-0.081363202993821,Extreme Fear,True,3959871.0442676614,5.0,True
2025-03-06,6765324.96,8901.743368421052,760,16101.125561,21.18569152763158,371,389,0.4881578947368421,25,Fear,-0.2737053886482552,Extreme Fear,True,3564326.18223953,5.0,True
2025-03-07,19854275.48,7779.888510971787,2552,150236.061627,58.86993010462382,1227,1325,0.4807993730407524,34,Fear,-0.27470424729153836,Fear,True,5923497.851338988,9.0,True
2025-03-08,892083.51,1686.3582419659735,529,24700.773359,46.69333338185255,288,241,0.5444234404536862,28,Fear,-0.2496028634804847,Fear,True,5774720.097495728,-6.0,False
2025-03-09,10419697.99,7327.495070323488,1422,19773.457395,13.905384947257385,947,475,0.6659634317862166,27,Fear,-0.22494001778184883,Fear,True,5685355.654006766,-1.0,False
2025-03-10,16811790.68,5775.263029886637,2911,-10010.027269999999,-3.438690233596702,1570,1341,0.539333562349708,20,Extreme Fear,-0.17554203002751023,Extreme Fear,False,6263060.546979305,-7.0,False
2025-03-11,14016952.09,4265.657970176507,3286,-76880.729036,-23.3964482763238,2120,1166,0.6451612903225806,24,Extreme Fear,-0.14578038364372295,Extreme Fear,False,6388130.043801577,4.0,True
2025-03-12,18618139.15,4692.071358366935,3968,288105.984215,72.60735489289314,1647,2321,0.41507056451612906,34,Fear,-0.14428500161028548,Fear,True,6884347.456534412,10.0,True
2025-03-13,3285591.22,3415.375488565489,962,14114.870873,14.672422944906446,468,494,0.4864864864864865,45,Neutral,-0.13835854578240153,Fear,True,7466965.54951539,11.0,True
2025-03-14,8047187.16,3641.261158371041,2210,68646.160089,31.061610899999998,297,1913,0.1343891402714932,27,Fear,-0.1223741038591578,Fear,True,6685941.664812218,-18.0,False
2025-03-15,2355749.54,9025.86030651341,261,78694.624572,301.51197154022987,154,107,0.5900383141762452,46,Neutral,-0.10869104179269262,Neutral,True,6357549.997867284,19.0,True
2025-03-16,10187921.51,19222.49341509434,530,-7910.943544999999,-14.926308575471696,304,226,0.5735849056603773,30,Fear,-0.13486544714668122,Fear,False,6358689.218071648,-16.0,False
2025-03-17,3592895.05,3905.320706521739,920,26163.906513,28.439028818478263,483,437,0.525,32,Fear,-0.12335536323752738,Fear,True,6121505.514076319,2.0,True
2025-03-18,4050655.47,4856.901043165468,834,72322.788824,86.71797221103118,341,493,0.4088729016786571,34,Fear,-0.09459134879280104,Fear,True,5798396.940994547,2.0,True
2025-03-19,4598813.57,2852.8620161290323,1612,29374.682341,18.222507655707197,563,1049,0.34925558312655086,32,Fear,-0.06432803228121799,Fear,True,2857576.6698144716,-2.0,False
2025-03-20,1652257.93,2143.0063942931256,771,10246.859436,13.290349463035021,238,533,0.3086900129701686,49,Neutral,-0.09172049071443832,Neutral,True,3093101.1384685794,17.0,True
2025-03-21,2543903.39,3644.560730659026,698,6951.270374,9.958840077363897,346,352,0.49570200573065903,31,Fear,-0.07349782815517529,Fear,True,2858178.4631882524,-18.0,False
2025-03-22,971809.42,1816.4662056074767,535,12498.535254,23.361748138317758,222,313,0.41495327102803736,32,Fear,-0.06189157869854791,Fear,True,3044017.14361065,1.0,True
2025-03-23,2593519.67,5802.057427293064,447,14047.421585,31.425999071588368,290,157,0.6487695749440716,30,Fear,-0.08687851140591625,Fear,True,1302117.787897546,-2.0,False
2025-03-24,3017587.05,2938.254186952288,1027,107878.961301,105.04280555111977,213,814,0.2074001947419669,45,Neutral,-0.05403957563496729,Fear,True,1265624.1064625818,15.0,True
2025-03-25,5372519.77,6792.060391908975,791,32030.90678,40.49419314791403,422,369,0.5335018963337548,46,Neutral,-0.03975465578763772,Neutral,True,1553473.5827967676,1.0,True
2025-03-26,7597754.37,2449.30830754352,3102,15802.167427,5.094186791424887,1574,1528,0.5074145712443585,47,Neutral,-0.047458459440591495,Neutral,True,2309107.7987261433,1.0,True
2025-03-27,3240279.46,4127.744535031847,785,58825.359221,74.9367633388535,474,311,0.6038216560509554,40,Fear,-0.03610456491307521,Fear,True,2184242.9110668236,-7.0,False
2025-03-28,1483092.61,2037.2151236263737,728,21337.179335,29.30931227335165,533,195,0.7321428571428571,44,Fear,-0.05740216852544749,Fear,True,2304789.7858466534,4.0,True
2025-03-29,3668151.83,1936.7221911298839,1894,12098.872931,6.38800049155227,997,897,0.5263991552270327,26,Fear,-0.11939040246080462,Fear,True,2026589.3740759478,-18.0,False
2025-03-30,2850874.96,5019.146056338028,568,15795.11514,27.8083013028169,478,90,0.8415492957746479,32,Fear,-0.05685350123538495,Fear,True,2002113.4294283465,6.0,True
2025-03-31,2164772.4699999997,4373.277717171717,495,6978.184557,14.097342539393939,214,281,0.43232323232323233,34,Fear,-0.08454016893943173,Fear,True,2088149.8663722912,2.0,True
2025-04-01,704445.1900000001,3668.9853645833336,192,-2202.6622420000003,-11.472199177083334,92,100,0.4791666666666667,34,Fear,-0.08776794400665301,Fear,False,2230920.6930048447,0.0,False
2025-04-02,3867930.6,3594.7310408921935,1076,202212.740938,187.930056633829,128,948,0.11895910780669144,44,Fear,-0.055230306623779,Fear,True,1172218.8893622092,10.0,True
2025-04-03,8670233.15,4960.087614416476,1748,-2365.961276,-1.353524757437071,956,792,0.5469107551487414,25,Fear,0.08603495704320403,Extreme Fear,False,2608074.4081482748,-19.0,False
2025-04-04,3835545.73,3015.3661399371067,1272,-25515.678949999998,-20.05949602987421,499,773,0.3922955974842767,28,Fear,0.3190300282414173,Fear,False,2476535.4946161583,3.0,True
2025-04-05,1267564.22,3521.011722222222,360,35907.33771,99.74260475,138,222,0.38333333333333336,30,Fear,0.3129969902786095,Fear,True,2639354.542025246,2.0,True
2025-04-06,3551252.06,3388.59929389313,1048,47053.449272,44.89832945801527,678,370,0.6469465648854962,34,Fear,0.32979127285187815,Fear,True,2631102.1715397155,4.0,True
2025-04-07,14460253.14,5138.682707889126,2814,34527.370305,12.269854408315563,1415,1399,0.5028429282160626,23,Extreme Fear,0.319213820359189,Extreme Fear,True,4827406.537328371,-11.0,False
2025-04-08,8869391.4,9405.505196182397,943,34899.394798,37.00890222481442,430,513,0.4559915164369035,24,Extreme Fear,0.30909158227802846,Extreme Fear,True,4539705.737243387,1.0,True
2025-04-09,28556806.47,7198.589984875221,3967,43120.444797,10.86978694151752,1764,2203,0.44466851525081924,18,Extreme Fear,0.2604881510132348,Extreme Fear,True,9336744.972137155,-6.0,False
2025-04-10,28741953.29,13512.90704748472,2127,158261.822261,74.40612236060178,1137,990,0.5345557122708039,39,Fear,0.22378481510716383,Fear,True,11686975.844791088,21.0,True
2025-04-11,11319327.07,10327.853166058394,1096,126406.479081,115.33437872354014,312,784,0.2846715328467153,25,Fear,0.2309700756140677,Extreme Fear,True,11060595.954433857,-14.0,False
2025-04-12,55914617.49,26512.383826458037,2109,410419.694533,194.60393292223802,800,1309,0.3793266951161688,43,Fear,0.3169117748442359,Fear,True,17894994.771730527,18.0,True
2025-04-13,14171154.79,10727.596358819075,1321,48696.021521,36.86299888039364,739,582,0.5594246782740349,45,Neutral,0.3148257884768307,Fear,True,16502805.740999449,2.0,True
2025-04-14,13079972.98,14696.598853932584,890,45680.443063,51.32634052022472,517,373,0.5808988764044943,31,Fear,0.31174797946800265,Fear,True,16631649.82010141,-14.0,False
2025-04-15,20752168.24,18348.51303271441,1131,72357.706282,63.976751796640144,344,787,0.3041556145004421,38,Fear,0.3044751344081993,Fear,True,15524470.751545118,7.0,True
2025-04-16,36502715.9,22700.69396766169,1608,58631.730257,36.46251881654229,835,773,0.5192786069651741,29,Fear,0.2989241791142425,Fear,True,16136351.474594252,-9.0,False
2025-04-17,2604551.51,2526.238128031038,1031,5427.919886,5.264713759456837,341,690,0.33074684772065954,30,Fear,0.3070382735102883,Fear,True,18226300.011654593,1.0,True
2025-04-18,24610650.46,12994.007634635693,1894,4880.4047439999995,2.576771248152059,755,1139,0.3986272439281943,33,Fear,0.3062706201441281,Fear,True,17603889.14587257,3.0,True
2025-04-19,32706462.71,11739.577426417804,2786,71950.577495,25.82576363783202,999,1787,0.35857860732232594,32,Fear,0.35998289625529045,Fear,True,11812993.57254124,-1.0,False
2025-04-20,12126094.05,6118.110015136226,1982,25060.341936,12.643966668012109,1079,903,0.5443995963673057,37,Fear,0.348396725150876,Fear,True,12022849.7639702,5.0,True
2025-04-21,42104054.84,24507.598859138536,1718,34369.267906999994,20.005394590803256,604,1114,0.35157159487776485,39,Fear,0.33692412513201064,Fear,True,13951675.059784949,2.0,True
2025-04-22,33753625.24,11258.714222815212,2998,58652.763578,19.563963835223483,1420,1578,0.47364909939959976,47,Neutral,0.31658925144607203,Neutral,True,14234213.946608324,8.0,True
2025-04-23,30682443.79,4981.72492125345,6159,-419020.225731,-68.03380836678032,4218,1941,0.6848514369215781,72,Greed,-0.32299023128682547,Greed,False,13701949.717377802,25.0,True
2025-04-24,35088918.64,15720.841684587815,2232,50704.395965,22.717023281810036,1223,1009,0.5479390681003584,63,Greed,-0.2862099364326612,Greed,True,9510020.72900832,-9.0,False
2025-04-25,27749455.78,16787.32957047792,1653,20218.859206,12.231614764670297,681,972,0.41197822141560797,60,Greed,-0.2764806598580687,Greed,True,9276258.122578498,-3.0,False
2025-04-26,11948127.77,10564.215534924844,1131,-4125.753942,-3.6478814694960215,604,527,0.5340406719717065,65,Greed,-0.28249368082431037,Greed,False,11534413.402748372,5.0,True
2025-04-27,487537.69,1446.6993768545994,337,2702.067468,8.018004356083086,209,128,0.6201780415430267,61,Greed,-0.2844989539759953,Greed,True,14579606.286232667,-4.0,False
2025-04-28,26124921.49,18944.83066715011,1379,36906.813759,26.763461754169686,652,727,0.47280638143582304,54,Neutral,-0.2905727070883369,Neutral,True,12771974.594652412,-7.0,False
2025-04-29,34089511.66,15198.177289344627,2243,125749.613427,56.06313572313866,1105,1138,0.49264378065091396,60,Greed,-0.24877541563988922,Greed,True,12816634.375039542,6.0,True
2025-04-30,12693878.85,11405.10229110512,1113,14003.797269,12.582028094339623,838,275,0.7529200359389039,56,Greed,-0.25837409612401,Greed,True,12994501.138283448,-4.0,False
2025-05-01,10720240.52,8715.642699186992,1230,54536.829297000004,44.338885607317074,686,544,0.5577235772357724,53,Neutral,-0.2611021191809927,Neutral,True,11858309.855173586,-3.0,False
